Ticker,MMBuy,MMSell,AI1-Average,AI1-AskAmt,AI1-AskPrice,AI1-AskAvail,AI1-BidAmt,AI1-BidPrice,AI1-BidAvail,CI1-Average,CI1-AskAmt,CI1-AskPrice,CI1-AskAvail,CI1-BidAmt,CI1-BidPrice,CI1-BidAvail,CI2-Average,CI2-AskAmt,CI2-AskPrice,CI2-AskAvail,CI2-BidAmt,CI2-BidPrice,CI2-BidAvail,NC1-Average,NC1-AskAmt,NC1-AskPrice,NC1-AskAvail,NC1-BidAmt,NC1-BidPrice,NC1-BidAvail,NC2-Average,NC2-AskAmt,NC2-AskPrice,NC2-AskAvail,NC2-BidAmt,NC2-BidPrice,NC2-BidAvail,IC1-Average,IC1-AskAmt,IC1-AskPrice,IC1-AskAvail,IC1-BidAmt,IC1-BidPrice,IC1-BidAvail
AAR,,,16048.0302734375,12,15900,808,55,15000,55,18974.3203125,2,18900,183,70,14000,70,20000,,,0,,,0,17581.490234375,234,17900,1042,6,15500,127,6765.330078125,3,16200,3,,,0,39800,,,0,1,15000,97
ABH,,,57800,22,57800,963,16,51300,1019,53400,32,53400,994,6,51100,283,46000,,,0,,,0,56527.078125,87,56600,717,14,51000,870,24074.48046875,5,60000,32,,,0,57011.75,60,57400,495,25,50100,353
ACS,,,150000,10,160000,60,4,150000,42,150000,,,0,1,150000,21,74556.703125,,,0,,,0,175000,1,180000,28,10,151000,24,124000,,,0,,,0,140000,5,169000,5,10,150000,10
ADE,,,48500,3,48500,714,48,41000,668,43700,90,43600,1187,11,37500,11,43000,,,0,,,0,41000,30,41000,1450,54,38100,642,21210.509765625,7,60000,33,,,0,43900,43,44000,557,2,36000,144
ADR,70000,,100000,4,100000,24,5,75000,115,87889.0234375,5,80000,117,15,70100,115,60000,,,0,,,0,71564.828125,26,90000,169,100,70000,110,29108.779296875,,,0,,,0,90000,47,90000,62,10,71000,110
ADS,,,123361.2109375,6,123000,297,2,117000,33,121262.9921875,2,124000,66,3,111000,25,250000,,,0,,,0,118427,1,117000,236,3,112000,27,55055.921875,1,128000,1,,,0,125000,30,125000,215,9,100000,16
AEF,,,4780.25,518,4960,3788,116,4300,1686,2104.47998046875,11,6190,3147,164,4080,1113,4000,,,0,,,0,5393.64990234375,410,5400,3940,131,4300,1383,4500,27,6000,27,,,0,4344.5,23,4930,656,14,3600,1398
AEN,,,2650000,1,2490000,2,,,0,2447111.75,1,2590000,1,,,0,974291.3125,,,0,1,1000000,1,2200000,1,2390000,3,2,2000000,6,974291.3125,,,0,,,0,974291.3125,1,2390000,2,,,0
AFP,,,134241.84375,,,0,,,0,134241.84375,,,0,,,0,134241.84375,,,0,,,0,30000,,,0,,,0,134241.84375,,,0,,,0,134241.84375,,,0,,,0
AFR,,,22500,17,22500,199,50,18000,186,15000,35,20000,35,20,18000,60,7797.1201171875,,,0,,,0,20000,53,20000,111,20,15000,20,7797.1201171875,,,0,,,0,24000,17,24000,17,,,0
AGS,,,489000,1,489000,6,,,0,596000,1,596000,3,,,0,500000,,,0,,,0,600000,,,0,,,0,219398.5,,,0,,,0,799000,10,798000,12,,,0
AHP,,,11621.83984375,161,12500,1081,,,0,13000,40,12800,97,,,0,5547.2099609375,,,0,,,0,12000,66,12000,2714,23,9500,169,5547.2099609375,,,0,,,0,13000,145,13000,145,,,0
AIR,200000,,200000,4,220000,4,100,200000,100,200033.6875,20,220000,21,100,200000,100,90993.921875,,,0,,,0,200000,1,210000,34,100,200000,100,90993.921875,,,0,,,0,200000,1,210000,5,100,200000,100
AL,,,1120,74,1200,98781,91,1120,32095,1142.780029296875,2139,1150,20194,40,1090,16309,875,99,1200,4253,56,875,839,1310,160,1310,48306,971,1180,17052,1050,1000,1050,3000,298,800,298,1110,32,1170,16613,218,1110,6560
ALE,,,1470,1513,1470,27904,500,1250,13471,1460,245,1460,23563,1000,1350,2279,1480,184,1480,184,,,0,1520,305,1520,18564,1226,1350,10160,1490,700,1490,1722,14,1000,14,1300,102,1300,38207,235,1140,4744
ALG,80,,372.260009765625,748,385,18987,764,330,12697,285,182,285,3052,40,230,2186,250,,,0,,,0,327.760009765625,700,329,43046,29,311,5042,100,50,316,50,1000,200,1000,290,160,378,9229,2284,290,12700
ALO,42,,217,10012,217,168192,544,173,106864,170.75,87,173,39783,48,162,27743,145,900,300,1788,300,140,360,225,201,224,187941,400,173,69441,173.55999755859375,43,160,14825,980,150,980,227.0399932861328,883,249,28646,60,216,24804
ALR,,,5065.56005859375,56,4000,56,100,3000,100,5500,144,3800,342,25,3100,35,1343.8399658203125,,,0,,,0,3929.360107421875,730,3990,5126,,,0,1343.8399658203125,,,0,,,0,4000,19,3500,50,,,0
AMM,61,,155.11000061035156,1065,188,24246,20,180,8064,135,6206,135,90183,263,122,51718,100,100,150,155,,,0,170,964,170,93498,898,121,62133,150,438,150,938,5155,95,6084,175.8300018310547,19355,205,44223,42,137,15480
ANZ,,,70600.546875,,,0,,,0,70600.546875,,,0,,,0,70600.546875,,,0,,,0,70600.546875,,,0,,,0,70600.546875,,,0,,,0,70600.546875,,,0,,,0
APT,,,17694.470703125,97,17500,1610,,,0,22500,155,22400,262,,,0,6935.35009765625,,,0,,,0,23900,95,22600,313,100,14500,100,6935.35009765625,,,0,,,0,23000,175,23000,176,,,0
AR,83,,264.6600036621094,140,275,22214,500,205,51401,333,41,333,35157,200,183,28379,200,,,0,1000,150,1000,350,400,350,21309,100,300,15895,150,200,150,1400,,,0,319.42999267578125,1521,318,22790,206,200,3743
ARP,,,10000,25,10000,203,,,0,12000,7,12000,7,,,0,4639.3798828125,,,0,,,0,8500,93,8500,106,,,0,4639.3798828125,,,0,,,0,4639.3798828125,10,12000,10,,,0
ASE,,,48958.328125,37,49000,669,20,41400,570,47500,4,47500,895,68,42000,584,42000,,,0,10,33000,10,45000,6,45000,755,38,41300,539,48000,24,60000,24,,,0,51541.8984375,54,52000,64,25,40200,80
AST,,,3515.7099609375,128,4080,292,348,3100,2795,3861.550048828125,100,4490,985,1015,3520,2093,1626.449951171875,100,10000,100,,,0,3529.47998046875,8,3490,8083,480,3100,3061,2000,100,4740,100,,,0,5190,33,5190,261,,,0
ATA,,,30000,3,30000,325,49,24600,770,26000,2,26000,362,20,20000,143,1600,,,0,,,0,25577.9296875,16,27000,596,43,23100,464,38000,32,38000,32,,,0,26500,28,26500,253,8,22100,86
ATP,,,25000,,,0,100,10000,100,30000,127,30000,127,,,0,12361,,,0,,,0,21000,14,26000,48,,,0,12361,,,0,,,0,25000,,,0,,,0
AU,,,2105.97998046875,292,2290,8944,20,1760,1522,1513.280029296875,85,1900,1293,73,1350,1340,950,,,0,,,0,1680,42,1940,16726,11,1680,3717,998,51,2000,51,,,0,2345.139892578125,9,2350,1624,47,1820,507
AUO,137,,455.8500061035156,34,499,31622,1813,402,9212,495.3900146484375,71,530,3019,50,307,6468,225,,,0,900,225,900,456.45001220703125,163,499,21958,198,372,26996,280,,,0,,,0,348.1700134277344,3621,420,8140,79,277,1979
AWF,,,5000,124,5000,287,100,4000,100,5900,5,5890,246,20,4000,20,2940.56005859375,,,0,,,0,5372.97021484375,90,5500,1284,80,4600,180,2940.56005859375,5,5950,5,,,0,6000,6,12000,6,,,0
AWH,,,17757.630859375,106,19500,336,146,18000,366,24900,20,24900,77,,,0,8377.23046875,,,0,,,0,16000,270,19900,652,39,12000,115,8377.23046875,,,0,,,0,24800,105,24800,134,,,0
BAC,,,2706.840087890625,134,2690,5738,90,2310,5930,2997.27001953125,121,3000,3592,1950,2600,2950,1276.02001953125,,,0,,,0,2756.909912109375,5,2500,2214,10,2200,2767,1276.02001953125,10,2250,10,,,0,2890,25,2890,702,820,2200,2020
BAI,,,16494.689453125,37,16800,394,123,16400,597,7000,4,16000,82,50,7110,82,6790,,,0,,,0,17800,13,17900,185,23,16500,123,6790,,,0,,,0,15501.3203125,18,16600,26,,,0
BBH,750,2900,2900,100,2900,106,3,2810,2293,2890,1965,2890,2073,146,2810,4890,2611.85009765625,44,2850,134,20,2000,80,2900,100,2900,299,5640,2800,6867,2890,711,2890,3461,124,2000,125,2900,100,2900,309,74,2880,644
BCO,,,724.219970703125,386,729,40173,1860,686,13622,797,365,797,9851,600,680,20846,660,400,850,400,,,0,639.5399780273438,2000,660,16067,555,611,16500,640,200,747,200,,,0,688.7999877929688,200,726,20194,1222,650,1806
BDE,850,2700,2700,100,2700,113,28,2550,1920,2550,93,2590,9181,839,2550,2603,2600,157,2600,257,10,1000,22,2700,100,2700,540,1,2560,6620,2597.9599609375,8,2800,235,90,1800,90,2680,100,2700,109,2,2500,209
BE,,,1717.3699951171875,4585,1800,21429,875,1600,4326,1510,102,1700,2302,166,1510,1083,2900,42,2900,142,,,0,1561.0799560546875,788,1640,43267,2000,1510,6594,1700,18,1700,18,,,0,1746.31005859375,38,1890,3991,200,1480,200
BEA,84,,319.30999755859375,56,330,20693,1000,298,25171,307,9,343,13527,2221,307,11205,250,,,0,,,0,360.1700134277344,367,380,23079,12,370,15601,250,410,325,426,927,250,927,310,97,340,12806,600,299,35087
BER,,,416.1700134277344,1767,419,48192,1100,301,11773,278.6499938964844,2604,380,41324,1000,300,12528,500,,,0,,,0,372,845,372,94933,100,291,40831,117.55000305175781,50,551,50,,,0,418,930,418,11386,33,375,2449
BFP,,,26000,,,0,7,29800,7,25000,,,0,,,0,20224.419921875,,,0,,,0,24000,,,0,,,0,20224.419921875,,,0,,,0,25000,,,0,,,0
BFR,,,2515.219970703125,2,5300,2,5,4800,73,3715.8798828125,,,0,25,4000,49,2515.219970703125,,,0,,,0,6000,5,5700,102,10,4200,37,2515.219970703125,,,0,,,0,4500,145,4500,162,,,0
BGC,,,748,25,748,10175,60,650,13626,603,479,697,14505,632,603,6981,600,36,600,36,,,0,623.9299926757812,382,650,19791,560,580,8136,500,100,720,100,,,0,568.25,30,699,1462,500,560,5790
BGO,,,2472.780029296875,5,2480,19213,265,2300,1452,2750.2099609375,150,2800,2740,338,2600,1140,2000,50,10000,50,,,0,2104.320068359375,25,2100,7279,740,2000,1550,2100,70,2800,70,100,2100,100,2268.6298828125,291,2350,1958,145,1100,245
BGS,,,214000,1,214000,11,,,0,196000,1,196000,4,,,0,87483.4765625,,,0,,,0,199000,1,199000,6,,,0,87483.4765625,,,0,,,0,219000,1,219000,24,1,1,1
BHP,,,4190,72,4190,2205,16,3220,1091,4806.580078125,78,4890,782,20,4250,329,1500,,,0,,,0,4200,1800,4200,14437,3,4000,4402,4410,10,4410,35,,,0,4920,16,4920,712,5,4010,317
BID,,,70000,40,70000,237,,,0,3000,53,80000,53,,,0,24534.48046875,,,0,,,0,60000,4,60000,259,,,0,24534.48046875,49,70000,49,,,0,100000,5,100000,5,,,0
BL,,,6798.1201171875,11,7000,562,453,5000,454,6444.31982421875,145,6500,736,98,5000,98,4500,,,0,,,0,4500,238,6590,1112,34,4500,234,2975.580078125,10,7500,10,,,0,5892.2099609375,100,5580,540,,,0
BLE,,,2200,30,2180,3604,214,1790,810,1800,236,1800,2781,49,1000,49,1800.1600341796875,,,0,,,0,2280,469,2280,1820,100,1000,100,1800.1600341796875,10,2300,10,,,0,2380,60,1800,875,,,0
BMF,,,29773.44921875,3,30000,630,100,26100,251,32351.310546875,12,32400,257,2,29000,2,10932.1796875,,,0,5,22000,5,29389.25,21,29900,548,8,27100,174,31000,,,0,,,0,34500,183,34500,495,8,27500,18
BND,,,100,700,230,700,,,0,300,400,323,600,,,0,269.8999938964844,,,0,,,0,322,760,322,973,10,150,10,500,,,0,,,0,155,3972,155,3972,,,0
BOR,,,350,2737,377,29419,1000,261,2746,265.2300109863281,840,275,2958,200,250,1034,300,,,0,300,225,300,272.05999755859375,1588,275,50535,2619,260,15619,550,,,0,50,130,250,250,161,250,1778,1000,201,1100
BOS,,,3280,150,5330,473,100,3330,1012,4025.3701171875,36,4800,189,419,3900,719,3250,,,0,,,0,4609.16015625,674,4820,3283,296,4010,2540,1907.8199462890625,50,4350,50,,,0,5000,500,4990,597,50,3750,550
BPT,,,8000,100,16800,106,,,0,8000,,,0,,,0,2205.449951171875,,,0,,,0,8442.6201171875,19,10000,1313,,,0,2205.449951171875,,,0,,,0,4400,39,16000,39,,,0
BR1,,,850000,1,879000,19,1,611000,7,731983.5,1,847000,11,,,0,1300000,,,0,,,0,839582.5625,1,844000,9,1,500000,1,252956.640625,,,0,,,0,989000,1,989000,8,1,450000,2
BR2,,,1190000,1,1190000,6,,,0,1018694.8125,1,1000000,4,,,0,1300000,,,0,,,0,1100000,1,1190000,4,,,0,339977.96875,,,0,,,0,1080000,1,1190000,2,,,0
BRM,,,238.64999389648438,790,290,21624,2000,171,4639,247.41000366210938,5104,282,20056,1004,200,1514,270,821,320,821,1000,91,1000,357.1700134277344,1333,360,13979,1737,240,15617,250,,,0,,,0,189,94,189,4075,,,0
BRO,,,2181.239990234375,119,2400,3137,295,2030,483,2488.989990234375,36,2600,394,910,2400,924,829.989990234375,7,2500,7,,,0,2258.860107421875,17,2290,2402,281,2110,2589,829.989990234375,,,0,,,0,2415.800048828125,17,2490,354,500,1100,509
BRP,,,5600,24,6000,124,11,2500,11,8000,28,8000,28,,,0,2656.760009765625,,,0,,,0,5200,16,5200,119,,,0,2656.760009765625,,,0,,,0,5000,130,5000,230,,,0
BRS,,,427858.46875,1,499000,8,1,350000,6,200000,1,490000,2,,,0,126513.0703125,,,0,,,0,450000,1,499000,2,1,350000,2,126513.0703125,,,0,,,0,600000,1,500000,2,5,250000,5
BSC,,,46055.140625,10,53900,301,,,0,46000,10,53900,230,90,46000,90,14471.7197265625,,,0,,,0,55000,25,55000,25,,,0,14471.7197265625,1,52000,1,,,0,55000,100,55000,100,,,0
BSE,425,1900,1890,168,1890,272,69,1870,7392,1870,100,1900,100,81,1870,4596,1900,,,0,16,1800,191,1900,100,1900,252,1,1870,12425,1900,444,1900,1653,6,1600,209,1900,100,1900,132,233,1870,4401
BSU,,,555194,,,0,,,0,555194,3,850000,3,,,0,555194,,,0,,,0,555194,,,0,,,0,555194,,,0,,,0,555194,,,0,,,0
BTA,500,1800,1780,240,1780,558,14,1750,1526,1180,103,1780,1242,3,1180,792,1590,223,1590,448,5,1500,6,1750,199,1700,9214,409,1450,6010,1800,18,1800,436,100,1000,100,1800,100,1800,133,7,1000,532
BTS,,,442.239990234375,1360,450,37377,500,404,20391,491.19000244140625,5235,494,20328,400,450,9991,100.3499984741211,,,0,,,0,482.1600036621094,17937,500,46237,170,404,16592,100.3499984741211,100,529,100,,,0,479.6000061035156,6016,480,17730,500,402,21581
BWH,,,9400,13,9400,36,,,0,10000,36,9000,36,,,0,3002.35009765625,,,0,,,0,6000,10,9000,10,120,3320,193,3002.35009765625,,,0,,,0,8500,180,8500,180,90,8000,90
BWS,,,22514.919921875,55,22800,637,100,20300,447,25000,65,25000,203,,,0,30000,,,0,5,22000,5,25821.140625,157,26200,640,20,22000,231,8590.1298828125,1,23000,1,,,0,28400,242,28400,394,50,18100,50
C,225,,1200,871,1200,127243,190,1060,33144,987.4600219726562,923,1240,45438,428,981,46998,1000,872,950,4822,500,900,2360,1290,9728,1290,53868,723,1010,52374,1013.4299926757812,40,1000,3342,1000,800,1000,1080,56,1000,25578,950,971,58137
CA,,,500,214,739,263,400,200,2623,354.739990234375,22,350,177,6,102,59,101,,,0,,,0,207.32000732421875,10,475,1716,1229,207,1429,991.1799926757812,15,1000,15,,,0,320,77,320,1202,114,200,114
CAF,,,1990,83,1990,8267,10,1850,5024,1800,2121,1800,12954,200,1750,1991,1000,,,0,5,1000,5,1950,141,1950,776,250,1530,8126,1650,219,1650,219,500,1000,500,2880,32,2400,4563,150,1830,6429
CAP,,,249.4499969482422,231,249,17954,200,220,3813,330,2949,330,3559,500,200,500,141.97000122070312,,,0,,,0,266.5199890136719,69,286,16631,423,251,2886,141.97000122070312,100,250,100,,,0,300,235,310,940,100,250,700
CBL,91000,,98079.109375,17,99900,17,9,91100,119,91765,,,0,91,91100,191,91000,,,0,,,0,91000,10,93000,30,100,91000,100,92000,,,0,,,0,91000,34,91100,61,100,91000,100
CBM,63000,,70000,2,70000,12,8,63100,108,67686.953125,25,73000,213,100,63000,100,29521.830078125,,,0,,,0,65284.75,2,69000,75,50,63100,150,29521.830078125,5,69900,5,,,0,63000,,,0,20,63100,120
CBS,42000,,42025.6796875,10,43000,150,100,42000,100,42000,170,49000,170,100,42000,100,17911.099609375,5,50000,5,,,0,42000,28,43000,28,100,42000,100,17911.099609375,10,43000,10,,,0,42000,15,50000,15,100,42000,100
CBU,,,385000,100,430000,100,10,390000,41,370000,2,430000,100,20,380000,43,173954.71875,,,0,,,0,390000,15,400000,109,8,390000,30,173954.71875,,,0,,,0,430000,90,430000,131,20,400000,50
CC,650000,,650000,1,2000000,1,100,650000,100,650000,,,0,100,650000,100,330828.71875,,,0,,,0,650000,5,750000,5,100,650000,100,330828.71875,,,0,,,0,650000,,,0,100,650000,100
CCD,80000,,80056.6484375,,,0,263,80100,363,80047.0078125,97,80200,371,48,80100,148,27334.3203125,,,0,,,0,80030.9765625,48,81000,348,100,80000,100,27334.3203125,,,0,,,0,80000,3,85000,13,100,80000,100
CD,,,19000,100,18500,155,23,16300,102,20000,4,20000,4,,,0,7880.33984375,,,0,,,0,20000,17,20000,17,,,0,7880.33984375,10,13200,10,,,0,13200,20,25000,20,,,0
CF,,,8550.73046875,332,8900,1086,14,7210,449,8212.7900390625,79,8490,1123,10,7500,376,5000,,,0,,,0,8899.0595703125,17,9970,652,16,9200,932,7850,7,7850,7,,,0,7298.0498046875,46,8200,86,50,6130,993
CHA,,,60000,1,60000,1,29,28000,29,48000,,,0,,,0,20987.94921875,,,0,,,0,100000,23,100000,23,20,30000,20,20987.94921875,,,0,,,0,12500,5,120000,5,,,0
CL,,,5000,5,5950,9204,500,4150,7080,4698.56005859375,220,4880,11922,200,3800,8009,4440,60,5000,60,180,2300,180,4830.41015625,100,5080,6281,100,4380,5366,3500,72,4500,282,9,3500,109,4900,10,5500,2812,50,4050,2494
CLI,51,,233.7899932861328,2803,239,111333,737,220,11154,148.07000732421875,48,170,28851,767,82.0999984741211,2630,170,180,250,180,246,170,2246,247.25,141,249,21641,60,181,9646,375,3,375,3,48,250,48,171.97000122070312,7819,250,8969,100,109,10197
COF,,,1100,1402,1100,42499,461,1050,30339,1080,691,1080,42564,50,981,9093,1200,364,1200,864,1,700,13,1140,2862,1140,23245,14,1060,29814,1000,1400,1000,1620,3000,750,3280,900,230,988,10270,40,885,24751
COM,,,135428.8125,2,136000,124,10,120000,42,132588.859375,10,138000,12,12,112000,39,250000,,,0,,,0,134720.1875,4,136000,53,3,112000,106,37311.390625,1,116000,1,,,0,139424.296875,18,138000,21,20,111000,25
COT,,,7045.6298828125,18,7610,2050,100,5570,8188,5030,21,5950,511,45,5030,2057,3000,,,0,,,0,6385.669921875,30,6970,2028,28,5220,4071,3422.22998046875,42,6000,66,,,0,6330,4,6990,931,12,4600,1326
CPU,,,1425662.875,,,0,,,0,1425662.875,,,0,,,0,1425662.875,,,0,,,0,1425662.875,,,0,,,0,1425662.875,,,0,,,0,1425662.875,,,0,,,0
CQL,,,1700000,1,1940000,3,,,0,1660000,1,1660000,10,1,1400000,1,1000000,,,0,,,0,1890000,1,1800000,10,,,0,634922,,,0,,,0,2000000,1,1800000,3,1,1,1
CQM,,,1066279.625,1,1000000,6,1,801000,6,1200000,1,1190000,2,,,0,875000,,,0,,,0,1250000,1,1300000,1,1,663000,3,481565,,,0,,,0,1181744.875,1,1140000,8,,,0
CQS,,,839000,1,839000,7,1,780000,1,780000,1,838000,2,2,600000,4,800000,,,0,1,600000,1,910000,1,900000,1,,,0,378392,,,0,,,0,799000,9,800000,12,,,0
CQT,,,549000,1,548000,2,,,0,320000,1,499000,2,1,102000,3,250000,,,0,,,0,279000,1,600000,1,1,102000,5,107709.6171875,,,0,,,0,499000,1,499000,2,,,0
CRU,200000,,799000,1,400000,6,100,200000,100,200000,1,800000,1,100,200000,100,139245.9375,,,0,,,0,200000,1,300000,16,100,200000,100,139245.9375,,,0,,,0,139245.9375,1,800000,1,100,200000,100
CST,,,2240,,,0,1,56,1,100,125,1990,125,,,0,2912.7099609375,,,0,,,0,2480,114,2480,169,,,0,2912.7099609375,,,0,,,0,2250,93,2250,93,,,0
CTF,,,22224.140625,31,22400,115,100,21000,528,22000,66,30000,66,30,19500,35,16000,,,0,,,0,23000,150,23000,850,30,19500,230,10081.8896484375,10,20500,10,,,0,22000,4,22000,4,90,17100,190
CU,,,1915.199951171875,50,1790,17159,20,1490,5108,2045.780029296875,428,2090,1507,50,1930,1454,1400,,,0,,,0,1986.5999755859375,346,1990,16116,500,1590,5184,2250,65,3000,65,50,1000,50,1657.81005859375,319,1670,3009,2,1600,423
CUO,63,,300,451,300,23274,500,287,27945,600,400,480,4147,100,320,15556,350,250,350,864,100,164,600,468.4800109863281,172,475,17597,779,401,16109,600,1,600,26,,,0,392.4200134277344,58,429,9628,147,339,10537
DA,,,57525.48828125,2,58000,40,10,49000,75,49732.94921875,,,0,10,49000,96,45000,,,0,,,0,51000,2,50900,149,4,48000,49,26101.83984375,,,0,,,0,60000,,,0,20,48000,20
DCH,,,25900,52,25900,290,100,24000,160,25000,10,25000,22,10,24000,20,8767.3095703125,,,0,,,0,26000,36,26000,76,100,25000,200,8767.3095703125,,,0,,,0,25400,1,25400,1,9,25000,9
DCL,,,8021.759765625,2,8480,3379,100,6800,1217,5510,60,9000,158,20,5510,60,3482.080078125,,,0,,,0,9924.8896484375,48,8890,499,50,7000,632,3482.080078125,10,6790,10,,,0,13900,72,13800,177,,,0
DCM,,,5720,514,5720,2771,500,4850,3136,4957.08984375,38,5500,108,96,4400,3407,3500,,,0,,,0,5040.1201171875,280,5500,880,200,4500,2625,4900,,,0,,,0,4420,25,6000,25,500,4410,1672
DCS,,,2186.199951171875,872,2280,3365,1355,2000,5897,1862.9599609375,153,2190,1997,813,1800,6143,1500,,,0,,,0,2123.7900390625,4,2160,5898,684,2000,8158,1840,44,1840,44,,,0,1941.530029296875,1750,2100,1867,1000,1650,4352
DD,,,38000,1,38000,46,20,37100,72,38000,6,39000,6,5,38000,33,25000,,,0,,,0,38000,1,40000,170,90,38000,91,26608.73046875,,,0,,,0,30000,,,0,10,38000,10
DDT,,,3991.9599609375,436,4100,6988,34,4090,3936,4349.759765625,543,4450,543,100,4000,5790,3800,6,3800,21,1000,3000,1050,4400,36,4400,2335,5,3820,8023,4400,105,4400,105,,,0,4000,121,4000,7841,1,3810,4357
DEC,,,25839.970703125,180,34000,2107,17,20100,110,25638.029296875,,,0,90,18500,356,9362,,,0,,,0,24908.599609375,,,0,30,21000,500,9362,44,40000,44,,,0,19745.240234375,,,0,50,18500,350
DIS,,,14000,17,14000,117,95,13000,195,6700,,,0,,,0,9500,,,0,,,0,14000,99,14000,99,,,0,9000,10,20000,10,,,0,13000,41,13000,41,,,0
DOU,,,439000,10,400000,66,,,0,101902.6328125,1,450000,1,,,0,101902.6328125,,,0,,,0,450000,1,500000,1,,,0,101902.6328125,,,0,,,0,275000,,,0,,,0
DRF,,,6482.10009765625,93,7490,292,95,5710,1280,7500,3,7500,3,50,5210,300,3014.18994140625,,,0,,,0,7500,97,7500,97,100,5800,600,3500,,,0,,,0,7500,1,7500,1,50,5710,152
DV,,,14300,10,15000,114,7,14300,9,14000,1,14000,14,17,11100,23,15000,2,15000,2,,,0,13000,20,14000,159,7,13000,7,12317.7900390625,,,0,,,0,13000,1,15000,1,,,0
DW,19,121,107,2650,107,497818,25,105,326113,105,8466,107,337797,257,105,150565,118.16999816894531,493,119,8453,10,110,110,107,17104,107,666617,84,94.19999694824219,347112,114.73999786376953,1126,110,145319,13437,105,15526,103,279313,103,792680,22685,97,520116
EBU,,,240000,48,240000,48,20,210000,21,300000,83,240000,100,20,210000,20,90493.8203125,,,0,,,0,240000,3,235000,125,6,200000,8,90493.8203125,,,0,,,0,230000,59,240000,62,20,220000,31
EDC,8000,,8158,12,8800,1012,100,8000,100,8002.85009765625,220,8100,325,100,8000,100,11000,2,11000,3,,,0,8000,279,9850,374,100,8000,100,8211.8603515625,,,0,,,0,8001.14013671875,49,8010,49,100,8000,100
EES,,,55000,100,60000,840,1,5500,1,47000,3,59900,96,20,10000,20,75000,5,65000,5,,,0,42000,4,60000,10,21,42000,21,48394.19921875,,,0,,,0,58000,7,69400,20,,,0
ENG,,,940000,2,940000,14,1,850000,1,919000,1,909000,6,,,0,365225.5625,,,0,,,0,854385.6875,1,988000,8,1,900000,3,365225.5625,,,0,,,0,970000,1,999000,12,,,0
EPO,,,206,13134,213,198086,500,206,562559,237,4850,237,68039,500,201,273262,190,,,0,5000,190,5500,205.67999267578125,1050,211,112030,18750,205,294116,167.32000732421875,2300,222,2300,5000,150,5000,226.30999755859375,1732,229,128603,5000,200,214446
ES,,,1520.8800048828125,538,1700,2301,30,1210,756,1720,190,1720,11664,50,1100,2320,1650,100,2000,100,,,0,1632.7099609375,16,1610,19703,84,1200,1886,1875.3499755859375,20,1440,20,,,0,3583.56005859375,500,3300,1084,199,1440,1237
ETC,,,40000,97,40000,141,10,20000,110,24000,,,0,1,30000,31,15000,,,0,,,0,39900,59,39900,139,100,15000,240,10235.5302734375,,,0,,,0,40000,4,40000,5,10,24000,21
EXO,,,387,212,387,12288,5,360,11961,349,220,349,7649,500,274,14359,350,,,0,80,350,80,351,304,351,14237,25,335,19294,310,131,310,2544,200,200,200,350,90,350,16818,43,342,11335
F,,,1500,300,3000,833,10,1010,310,1500,,,0,100,1000,665,1000,,,0,,,0,2000,5984,2000,23463,470,1200,11451,222.22000122070312,1000,2900,8594,,,0,2390,190,2390,2706,500,310,600
FAL,,,2133.360107421875,114,2500,3497,53,2000,881,2170.97998046875,50,2700,2704,886,2100,1783,1025.3900146484375,,,0,,,0,1864.219970703125,94,1890,3178,357,1750,957,1025.3900146484375,10,2730,10,,,0,3000,6,2990,509,93,2010,273
FAN,,,3186.800048828125,117,3190,1117,242,2000,1491,2100,108,2100,811,500,2000,1040,971.9500122070312,,,0,,,0,2170.260009765625,64,2240,1860,493,2000,1993,1000,10,2250,10,,,0,2200,73,2200,73,500,2000,1000
FC,,,6398.72021484375,197,6590,3038,143,6000,2606,8081.85986328125,4,6880,284,48,5800,1225,2253.139892578125,,,0,,,0,4800,58,5580,3115,130,4800,1730,2253.139892578125,,,0,,,0,5996.169921875,189,6000,744,100,5000,100
FE,,,1202.5699462890625,189,1290,27889,16,1230,9552,1000,23,1000,1549,40,960,8063,800,,,0,994,800,1055,932,400,940,14175,2,932,10593,900,1015,900,2062,25,700,25,1045.050048828125,2279,1050,4443,888,971,5599
FEO,32,,200,1461,231,63812,20,200,23341,115,10,138,9440,3915,115,13095,60,,,0,953,40,953,99,241,113,33702,3282,99,33826,120,57,120,6318,,,0,168.19000244140625,569,204,7569,766,120,18531
FET,,,3407.010009765625,1257,4000,2257,922,2500,1918,3945.52001953125,325,4790,1792,957,3400,1572,1610.8499755859375,,,0,,,0,3416.6298828125,24,3880,6306,365,2980,1039,1610.8499755859375,,,0,,,0,5000,214,5000,214,10,1000,10
FF,9,24,20.399999618530273,53250,20.399999618530273,1315872,200,19.200000762939453,286504,18.600000381469727,3355,18.600000381469727,769681,193,18.399999618530273,525251,21.31999969482422,141,22,108958,3042,20.5,36897,20,86992,20,1538160,2000,18.299999237060547,295283,19.5,35181,19.5,84796,805,17.100000381469727,65779,17.5,7500,17.5,1829515,200,17.100000381469727,1166814
FFC,240000,,319192.59375,1,319000,13,1,281000,105,275000,1,329000,13,1,242000,102,143944.21875,,,0,,,0,324000,5,325000,19,100,240000,100,143944.21875,,,0,,,0,349000,1,349000,11,1,320000,106
FIM,,,2210,1828,2800,24409,6,2210,7478,2590,920,2580,17864,1136,2120,5144,3500,137,3500,157,,,0,2680,104,2680,29970,890,2210,9376,1900,419,2900,419,,,0,2250,80,2480,15103,2498,2100,13385
FIR,,,1190000,1,1190000,5,1,950000,1,1100000,2,1200000,5,,,0,560757.5,,,0,,,0,920000,1,969000,1,1,920000,1,560757.5,,,0,,,0,560757.5,2,1400000,2,,,0
FLO,,,21100,254,29500,508,71,21100,101,25000,1,25000,150,,,0,10142.9501953125,,,0,,,0,17933.0390625,41,20000,328,,,0,10142.9501953125,,,0,,,0,34900,2,34800,109,,,0
FLP,,,941.0599975585938,932,1000,1962,100,800,1562,726.9600219726562,6,750,859,8,561,1116,600,68,600,368,500,300,500,617,360,600,21298,8,550,6546,600,96,600,776,,,0,690,296,700,900,23,560,567
FLX,,,273,13348,273,54407,52,243,20220,236,10,330,32015,1278,236,45000,250,,,0,,,0,345,177,345,24506,88,252,18730,230,1552,230,8222,480,100,480,293,1177,293,14635,128,243,2990
FOD,,,440,145,440,7502,920,418,3522,460,,,0,19,125,19,290,,,0,,,0,422.1600036621094,40,424,1834,500,370,7331,420,,,0,372,400,372,350,80,390,1795,856,350,5947
FSE,,,1039054.0625,1,1090000,40,1,700000,11,1031300.8125,1,1080000,6,1,650000,7,424890.125,,,0,,,0,1070000,1,1070000,7,1,900000,1,424890.125,,,0,,,0,1080000,1,1090000,7,1,650000,1
FUN,,,160000,5,155000,259,,,0,150000,1,249000,3,,,0,59529.46875,,,0,,,0,165000,2,199000,4,,,0,59529.46875,,,0,,,0,150000,,,0,,,0
GAL,57,,264.67999267578125,920,271,29382,40,221,6611,162.69000244140625,19200,170,57036,635,137,21055,160,12,140,9898,,,0,227.0399932861328,827,230,16386,4031,160,15571,140,808,125,3318,,,0,245,1438,245,144031,2000,200,25603
GC,,,382.5400085449219,40,380,31281,2000,320,11228,484.4200134277344,383,489,9658,60,300,945,153.66000366210938,,,0,,,0,458.3599853515625,2280,475,13730,2000,350,10060,399,,,0,350,350,350,349,600,580,3016,40,260,1040
GCH,,,11600,3,14500,3,27,11600,27,20000,,,0,,,0,20158.630859375,,,0,,,0,9000,6,9000,11,,,0,20158.630859375,1,20200,1,,,0,9062.5,,,0,,,0
GEN,,,210000,1,220000,19,,,0,80000,2,220000,6,,,0,250399.71875,,,0,,,0,250000,1,255000,7,1,160000,1,250399.71875,,,0,,,0,205000,5,210000,5,5,160000,6
GIN,,,1620,348,1620,2017,150,1310,1827,1480,1299,1480,4087,140,1290,776,1990,200,1800,260,,,0,1520,1917,1520,10619,300,1260,4670,2400,500,1900,610,10,1310,510,1400,105,1400,5375,90,1290,1960
GL,,,620.9000244140625,20,600,11044,1898,509,126359,632.469970703125,1000,700,7951,10,500,110678,700,,,0,400,700,400,500,152,644,17168,187,500,126004,490,,,0,420,300,420,500,500,635,17396,733,500,113416
GNZ,,,8000,,,0,,,0,45000,6,45000,6,,,0,43005.87890625,,,0,,,0,1500,,,0,,,0,43005.87890625,,,0,,,0,43005.87890625,,,0,,,0
GRA,,,3734.219970703125,,,0,2,3500,1972,3794.85009765625,2,5020,2,2,3400,1166,4200,,,0,,,0,3897.18994140625,1,3700,7265,99,3310,2862,3000,50,3290,50,,,0,4874.1201171875,1405,3990,2161,300,2810,2020
GRN,86,,350,176,407,53314,3521,350,51909,389.75,633,420,21091,1000,332,12479,185,100,300,200,,,0,446,221,446,16288,500,363,41429,325,77,394,2077,291,325,291,308,500,329,42191,500,312,56912
GV,,,2600,408,2830,1806,216,2600,1907,3205.1298828125,4,3300,604,906,2550,1805,1032.550048828125,,,0,,,0,2758.840087890625,221,3280,1453,379,2550,1929,2440,7,2440,7,,,0,3419.9599609375,10,4200,15,150,2500,1329
GWS,,,13000000,1,14400000,11,1,10100000,3,14500000,,,0,,,0,5287697,,,0,,,0,15000000,,,0,,,0,5287697,,,0,,,0,5287697,1,15000000,1,,,0
H,50,,194,1433,194,132726,1000,161,65035,130,23228,130,73248,40,129,102242,125,,,0,2000,110,12000,160,10954,160,161319,50,136,74283,150,,,0,200,133,15897,168,1574,168,79645,100,128,170929
H2O,10,,40,1823459,40,4952855,1051704,39.900001525878906,2875482,40.900001525878906,9000,40.900001525878906,547661,10000,40,372781,10,45000,44,118432,990,10,990,45,19785,49.900001525878906,662787,1143,45,312199,40,557,50,557,8611,40,8711,48,693,42,1677109,14160,41,352512
HAB,,,140000,10,135000,11,,,0,90000,2,125000,5,,,0,53396.4609375,,,0,,,0,123812.5,5,124000,31,,,0,53396.4609375,,,0,,,0,125000,1,125000,5,20,100000,20
HAL,75,,372.2099914550781,3171,379,59837,324,330,34785,414.1000061035156,1923,480,65938,50,410,22142,151,100,450,350,463,151,463,463.5899963378906,639,471,15719,60,370,23651,395,1119,460,2456,50,350,50,440,1084,544,18382,340,305,8733
HAM,,,7000000,1,7000000,1,,,0,6900000,1,6900000,1,,,0,2820045.25,,,0,,,0,2820045.25,1,5750000,3,,,0,2820045.25,,,0,,,0,2820045.25,,,0,,,0
HCB,,,4554200,,,0,2,3850000,12,4048721.5,,,0,2,1000000,2,1697969.375,,,0,,,0,4400000,1,4400000,2,,,0,1697969.375,,,0,,,0,4440000,1,5000000,1,,,0
HCC,,,690,2353,699,6510,570,674,738,888,1177,887,7057,590,610,5590,640,,,0,,,0,621.6699829101562,163,648,6555,530,601,5270,620,100,800,100,,,0,723,30,689,2079,13,611,1630
HCP,88,,400,1852,400,71120,98,392,37808,362.010009765625,160,379,18235,1000,342,31630,320,995,320,1995,,,0,420,985,426,17454,1109,420,32718,300,200,350,200,964,300,964,333,530,348,22235,3000,332,57086
HD,,,4096.5498046875,30,4300,1041,50,3210,1205,3311.68994140625,9,3390,720,,,0,1598.2900390625,50,4000,50,,,0,3015.280029296875,3,3090,6915,170,2750,1946,1598.2900390625,30,2800,30,,,0,3226.02001953125,103,2990,1009,20,2300,20
HE,75,,223.00999450683594,1144,240,34052,50,186,19849,246.72000122070312,1259,248,23497,490,205,18482,125,100,300,363,,,0,215,2262,215,152450,90,211,62392,150,450,160,1452,,,0,210.83999633789062,1870,220,9261,200,125,3463
HE3,,,281.94000244140625,628,287,40982,40,273,16018,272.4200134277344,1941,275,47709,2241,250,22757,350,,,0,,,0,272.6600036621094,5084,273,23445,2000,266,19144,460,506,500,526,10,460,1010,272.19000244140625,9317,275,24547,1000,245,2364
HER,,,3474.949951171875,88,3770,12820,120,3020,8307,3850,170,3850,6868,6,3500,5056,2000,,,0,,,0,3261.39990234375,272,3300,22203,6,3110,7344,2400,,,0,200,1750,200,3031.669921875,168,3100,24285,20,2950,14770
HEX,,,800,13404,2000,20628,1,1990,2,2000,7056,2000,7099,10,1000,10,41.13999938964844,,,0,,,0,1000,3486,2000,3486,9,1000,9,41.13999938964844,,,0,,,0,41.13999938964844,1771,2000,1771,,,0
HHP,,,7990,90,7990,95,,,0,7200,77,8000,77,,,0,3363.27001953125,,,0,,,0,4990,649,4990,749,,,0,3363.27001953125,,,0,,,0,8000,10,7990,105,,,0
HMS,,,2000,926,2000,5725,124,1940,7345,2440,231,2440,637,100,2000,4113,1950,1001,1950,1896,,,0,2080,172,2080,9179,8,1970,7149,1800,220,1800,614,,,0,2260,195,2260,10147,31,2020,2321
HNZ,,,75000,,,0,,,0,90000,29,90000,29,,,0,99120.1015625,,,0,,,0,99120.1015625,,,0,,,0,99120.1015625,,,0,,,0,99120.1015625,,,0,,,0
HOG,,,7695.6201171875,150,7650,256,10,7000,100,7000,27,8000,28,50,6500,50,3903.239990234375,,,0,,,0,10452.419921875,12,17900,61,10,6800,20,6500,20,7500,20,,,0,10000,,,0,,,0
HOP,,,3623.4599609375,301,3800,1813,100,2910,5698,3871.5400390625,,,0,393,2500,3415,2400,,,0,,,0,3984.4599609375,643,4290,1530,300,3020,3961,819.739990234375,50,2620,50,,,0,3596.760009765625,97,4140,4198,50,2200,1331
HPC,,,31000,5,31000,30,20,30000,52,29000,10,32000,76,10,28000,30,13081.349609375,,,0,,,0,30000,20,33000,28,21,30000,71,13081.349609375,2,28000,2,,,0,27000,,,0,,,0
HPR,,,1100000,1,1100000,2,1,918000,1,1300000,1,1400000,1,1,950000,1,1750000,,,0,,,0,1100000,1,1400000,5,1,1000000,1,728695.4375,,,0,,,0,1100000,2,1100000,4,,,0
HSE,,,21000,2,21000,601,8,16000,999,20178.080078125,8,20200,541,6,16500,855,18000,92,18000,122,,,0,18200,50,18200,856,150,14200,938,13800,,,0,30,5000,30,22753.099609375,62,21700,442,1,18500,688
HSS,,,3300,173,3300,2986,100,2560,1601,2890,44,2890,1341,30,2310,2611,2100,97,2100,1997,2000,2000,2000,2700,488,2700,3263,106,2320,2451,2000,20,2400,290,,,0,2930,148,2930,3892,30,2400,1384
HTE,,,4200000,1,4390000,4,1,2000000,4,3500000,1,4250000,2,1,150000,1,1697055.625,,,0,,,0,4500000,1,5000000,1,,,0,1697055.625,,,0,,,0,4000000,1,5000000,1,,,0
HYR,,,1750000,1,2500000,1,,,0,2500000,1,2400000,2,1,1600000,1,1389100.25,,,0,,,0,1750000,1,2500000,3,,,0,1389100.25,,,0,,,0,1750000,1,2100000,3,1,1,1
I,,,1314.4000244140625,554,1450,5894,16,900,116,1055.239990234375,142,1300,2772,1338,900,4835,1500,,,0,,,0,985.4400024414062,179,1090,8814,899,758,4241,300,1,1000,21,32,750,32,869,669,869,3816,23,450,523
IDC,11000,,11100,72,11800,356,2919,11100,3019,11058.2197265625,62,11300,117,100,11000,100,10313.0595703125,,,0,,,0,11000,1701,11100,2219,100,11000,100,10313.0595703125,10,15400,10,,,0,11009.330078125,330,11100,1825,100,11000,100
IMM,,,110000,9,150000,9,8,110000,25,150000,1,150000,1,6,110000,16,68180.15625,,,0,,,0,119000,2,119000,5,10,110000,35,68180.15625,,,0,,,0,68180.15625,,,0,10,110000,30
IND,,,5700,83,5740,839,150,4150,1250,7800,71,7800,71,40,4000,184,1977.280029296875,,,0,,,0,4733.2099609375,12,4740,1515,15,4350,2496,5000,24,7000,24,,,0,5664.18994140625,100,5640,283,100,2610,370
INS,,,174,23594,175,299436,49468,174,266342,181,4610,181,131776,49280,174,200952,155,2400,155,29237,,,0,182,4084,181,194729,4232,177,247261,230,7493,230,7493,5,200,2005,202.50999450683594,20000,200,161275,400,183,229953
JUI,,,1,1,307000000,1,100,1,100,24000,25,24000,334,500,1,500,1098.260009765625,280,100000,280,,,0,1,1,99000,1,1,1,1,1098.260009765625,,,0,,,0,30000,119,30000,122,,,0
KOM,,,1180,2022,1180,21631,26,1070,11386,1000,178,1000,8455,4095,950,12510,975,575,975,575,500,750,500,997,270,996,20725,30,961,25954,1050,1500,1050,1763,3000,850,3050,959,365,959,23677,1000,834,16946
KR,,,100,600,134,27730,358,109,358,50,1000,149,32948,,,0,133.3300018310547,1785,200,7460,,,0,129,850,129,72028,,,0,133.3300018310547,,,0,,,0,1.75,1150,153,27369,,,0
KRE,,,9100,179,17000,386,5,9000,5,15000,18,15000,1303,,,0,15410.6201171875,,,0,,,0,14500,34,14000,769,2,8500,2,15410.6201171875,,,0,,,0,16800,71,17000,117,,,0
KV,,,28289.759765625,3,29100,2557,9,25500,819,13533.4599609375,32,27700,973,82,24200,396,2000,,,0,,,0,26469.55078125,5,27000,2142,55,23700,496,13533.4599609375,10,34000,10,,,0,23853.41015625,10,24000,1066,50,23600,752
LBH,,,4880,132,4870,9392,14,4620,1667,5490,100,5500,3412,28,5000,241,4800,169,4800,169,,,0,4819.06982421875,135,4800,2827,200,4420,2937,5000,43,5000,512,82,4000,82,4200,53,4950,1509,39,4200,125
LC,,,6490,24,6490,1161,37,5000,202,6470,29,6470,1661,200,5310,992,3176.93994140625,24,9000,64,,,0,6400,21,6400,3054,48,5400,715,3176.93994140625,10,5000,165,,,0,5455.259765625,746,5490,1317,16,4850,538
LCB,,,950059.75,1,988000,3,1,601000,8,795000,1,850000,5,,,0,330133.84375,,,0,,,0,800000,1,800000,5,1,316000,2,330133.84375,,,0,,,0,1000000,1,1000000,1,,,0
LCR,,,1767.4300537109375,3,1870,78,97,1300,97,4500,6,4000,125,,,0,2948.300048828125,,,0,,,0,2000,1,4000,123,137,2000,137,2948.300048828125,,,0,,,0,3500,106,6000,106,3,1800,3
LD,,,11776.4404296875,21,12000,1780,73,11600,269,11100,3,12300,298,3,11000,63,5092.5,,,0,,,0,11700,13,11700,354,100,11000,153,5092.5,,,0,,,0,11000,12,11000,157,10,10000,10
LDE,,,11100,102,11100,3999,4,10700,1912,11100,257,11100,1852,3,11000,984,12600,45,12600,45,,,0,10700,60,10600,3469,297,10000,2585,11800,,,0,10,6500,10,11900,39,11900,462,40,10100,2002
LDI,,,427,327,427,2677,3004,128,5445,489,342,490,7165,547,332,548,282.5799865722656,,,0,,,0,411.25,691,532,13104,444,300,444,375,20,740,20,,,0,524.469970703125,1534,525,2150,,,0
LES,,,1090,983,1090,5482,10,510,740,1480,200,1400,293,40,700,190,228.57000732421875,50,1500,250,,,0,892,142,892,9608,450,780,3950,228.57000732421875,,,0,,,0,1290,422,1290,531,,,0
LFE,,,178000,8,178000,15,2,152000,12,180000,,,0,1,190000,9,75255.75,,,0,,,0,175000,1,175000,32,2,150000,3,75255.75,,,0,,,0,180000,2,180000,33,4,95000,6
LFL,,,434000,6,434000,10,1,350000,1,391683.84375,1,431000,11,1,240000,1,122472.078125,,,0,,,0,434958.03125,1,437000,7,1,250000,1,122472.078125,,,0,,,0,449664.1875,1,445000,2,1,250000,1
LFP,,,15000,100,8700,100,50,4000,138,7200,3,8000,33,5,3000,5,7366.35009765625,,,0,,,0,7500,,,0,50,8000,74,7366.35009765625,,,0,,,0,7000,,,0,,,0
LHP,,,4000,1432,4000,5062,456,3200,6311,4115.330078125,179,4090,1781,10,3500,1461,3600,164,3600,967,,,0,3796.10009765625,318,4010,8098,73,3320,2957,3500,131,3500,235,,,0,4000,315,4000,1578,50,3200,841
LI,,,1567.4300537109375,50,1930,24304,1000,1600,8507,2036.030029296875,242,2000,4612,99,1860,3105,1200,,,0,,,0,1710,960,1900,8079,470,1710,3974,2190,,,0,50,1000,50,2240,413,2240,1952,600,1800,2690
LIO,,,331.5899963378906,100,376,59855,1000,317,7143,319.989990234375,610,329,13553,439,302,1394,400,1000,360,1328,,,0,354.1199951171875,2623,400,14273,1000,330,17343,100,100,390,513,69,100,69,426.6099853515625,1307,400,13526,500,370,1750
LIS,450000,,565000,1,590000,2,5,454000,115,508858.375,1,519000,11,5,452000,105,255694.21875,,,0,,,0,515000,1,490000,21,4,453000,114,255694.21875,,,0,,,0,600000,2,600000,2,2,451000,102
LIT,,,14000,2,20000,632,,,0,18837.1796875,89,18800,559,,,0,13529.1103515625,,,0,,,0,17900,1,40000,1,,,0,13529.1103515625,,,0,,,0,16675.58984375,98,19600,298,,,0
LOG,68000,,68100,232,68100,264,100,68000,120,68069.796875,9,69000,9,24,68100,131,65000,,,0,,,0,68062.796875,88,68100,1113,100,68000,100,28013.400390625,1,69700,1,,,0,70381.890625,53,68100,54,100,68000,120
LSE,,,10675,181,10800,3877,6,9730,1541,10464.2900390625,115,10500,2890,16,9600,313,10000,,,0,,,0,11475,5,11600,2856,20,10400,2799,11503.169921875,40,12000,140,50,7900,50,10000,171,10000,1742,100,9070,306
LSL,,,493516.59375,1,498000,2,,,0,480000,1,486000,5,,,0,204785.046875,,,0,,,0,480000,2,480000,2,,,0,204785.046875,,,0,,,0,510000,1,490000,1,,,0
LST,34,,190,529,190,96526,36,161,44320,200,851,200,7969,80,180,104867,160,469,160,4324,,,0,190,29,190,48721,140,172,49458,179,145,179,3250,100,150,1444,233.6199951171875,187,234,14479,61,232,39350
LTA,,,5150,176,5150,2788,50,4800,3475,6558.330078125,5,6590,3414,6,5500,1163,6000,204,6000,204,500,4000,500,4890,60,4880,1557,92,4500,1388,5000,99,5000,156,67,3400,67,8950,1,8940,669,4,8900,1061
LU,,,120000,8,110000,46,4,92500,4,80000,10,130000,10,,,0,62066.01953125,,,0,,,0,120000,,,0,4,91900,56,62066.01953125,,,0,,,0,120000,17,120000,17,,,0
MAG,87,,438.4100036621094,154,600,6263,100,331,1426,262.489990234375,34,598,331,17,121,117,117.55000305175781,14,300,14,,,0,368,62,368,4417,497,170,3097,117.55000305175781,10,350,10,,,0,372.6199951171875,,,0,1000,90,1100
MAI,86,,427.4599914550781,528,448,39876,40,400,41606,392.010009765625,272,409,2791,918,313,19592,400,40,400,40,,,0,450,221,449,14749,76,390,41943,300,,,0,521,300,521,335,1124,449,6604,400,332,23153
MB,,,11686.75,200,10900,1808,80,8210,1130,8690.9501953125,122,9000,122,150,8220,1791,8000,,,0,,,0,8540.1904296875,90,8700,456,150,8220,1586,8400,5,8500,5,,,0,8000,60,13000,60,120,8220,922
MCB,,,410000,1,420000,1,,,0,380000,1,385000,1,,,0,166644.328125,,,0,1,175000,1,380000,1,380000,2,1,300000,1,166644.328125,,,0,,,0,380000,1,389000,1,1,275000,1
MCG,12,39,38.900001525878906,12458,38.900001525878906,181341,907,38.79999923706055,398516,36,2000,38.400001525878906,141995,547,36,122199,39,544,39,5920,1262,35,9202,39,100,39,16290,117,36.70000076293945,505088,42,5970,42,19485,38081,35,49320,39,100,39,5508,240,36.5,104167
MEA,,,4260,415,4260,21815,1000,3810,7892,4680,1989,4680,7555,60,3800,4993,5000,50,4000,70,,,0,4650,304,4640,24620,10,3800,5666,5000,20,3900,36,,,0,3829.929931640625,229,3900,13247,1000,3750,8364
MED,,,2770,422,2770,11757,795,2660,8814,2650,413,2650,3501,52,2260,6569,1600,,,0,49,3000,249,2370,294,2370,7433,500,2250,18038,1870,,,0,100,1110,321,2430,502,2430,4406,250,2260,6327
MFE,,,160691.6875,3,180000,3,2,91000,10,119796.7578125,11,130000,11,3,100000,3,43953.23046875,,,0,,,0,120000,15,120000,33,2,90000,6,43953.23046875,,,0,,,0,110367.6015625,12,112000,14,2,2,2
MFK,,,341,1343,341,68483,50,311,115401,315,494,340,73007,3460,315,109074,400,242,400,2442,10,22,10,261,416,271,38558,1760,261,122488,400,929,400,1675,,,0,344,940,344,29316,3499,263,103733
MFL,,,234000,1,230000,10,,,0,299000,3,199000,5,,,0,61608.8515625,,,0,,,0,199000,6,200000,19,,,0,61608.8515625,,,0,,,0,297000,1,255000,7,,,0
MG,,,129,1414,129,59676,500,100,84000,112.33999633789062,122,114,69353,95,96,95082,85,8018,85,18018,,,0,146,18910,146,301909,241,107,112197,150,493,149,1693,,,0,111.0199966430664,2072,130,16743,2000,86,5000
MGC,,,17000,,,0,,,0,14346.1796875,,,0,,,0,8497.3798828125,,,0,,,0,30000,77,30000,92,,,0,8497.3798828125,27,20000,27,,,0,15000,10,30000,10,,,0
MGS,41,,234.82000732421875,30000,300,41368,2123,173,10101,195.55999755859375,32,290,1475,4768,115,7602,140,1196,140,9696,,,0,243.63999938964844,1289,272,27783,240,176,7721,95,134,200,1616,,,0,400,1041,400,1542,15,202,6951
MHL,,,5708.58984375,726,5900,3785,120,5500,1820,6000,222,6000,1459,376,5500,1347,2700,24,6200,24,,,0,5433.759765625,310,5800,6017,102,4800,1810,5349.6298828125,24,6000,24,,,0,5692.080078125,16,6760,1696,10,4000,10
MHP,,,6356.68017578125,396,7000,396,982,3010,984,6278.14990234375,40,7000,40,,,0,4800,,,0,,,0,6000,,,0,,,0,2091.989990234375,10,5000,110,,,0,23096.41015625,,,0,72,3000,72
MLI,,,25294.33984375,9,25900,139,8,25000,258,25000,2,25000,28,25,23100,119,10185,,,0,,,0,25179.16015625,3,27000,83,178,25000,188,10185,,,0,,,0,23038.880859375,10,23000,29,10,22000,27
MPC,,,2364.110107421875,354,2750,2304,100,2000,5407,2039.1700439453125,735,2090,735,698,1700,1698,655.6900024414062,,,0,,,0,2269.43994140625,30,2690,1392,1736,2500,3956,400,10,2600,10,,,0,2000,,,0,30,2000,30
MSL,,,192360.203125,1,300000,1,1,260000,2,200191.234375,,,0,1,170000,1,82878.2578125,,,0,1,140000,2,272708.84375,1,320000,1,1,170000,2,82878.2578125,,,0,,,0,225510.109375,1,300000,1,1,260000,1
MTC,,,450,,,0,1800,450,2368,658.4299926757812,745,690,775,,,0,446.2900085449219,,,0,,,0,250,1960,999,2904,20,250,20,446.2900085449219,,,0,,,0,425,196,425,432,,,0
MTP,,,1580,1466,1580,30032,280,1370,4280,1684.6500244140625,887,1700,8134,150,1500,1362,3000,,,0,,,0,1880,474,1880,32427,500,1380,3300,1019.3400268554688,,,0,,,0,1735.8900146484375,528,1800,6031,1000,1500,2000
MUS,,,310,516,305,16161,1500,281,14398,335,138,335,7865,40,290,7046,170.35000610351562,,,0,,,0,255,2313,320,31437,2860,255,18795,170.35000610351562,100,316,100,,,0,312.45001220703125,3091,320,13064,682,306,22172
MWF,,,339,1140,339,9173,200,266,102678,369,1400,369,2350,300,160,101020,300,,,0,,,0,275,1000,332,13564,365,275,103365,186.97999572753906,100,410,100,,,0,497,1000,474,5861,500,100,100600
N,33,,124,3836,124,166388,499,115,209308,149.3300018310547,3428,150,71011,1437,136,54514,170,,,0,1000,125,2500,109,3504,109,129434,400,90.0999984741211,76379,180,501,180,3052,300,120,1140,145,336,145,59171,4171,120,292792
NA,25,,25,6,25.700000762939453,260158,100,25,100,25.299999237060547,392,28.5,14259,100,25,100,26,,,0,3000,25,8546,25,72,26.899999618530273,162524,100,25,100,1,276,17,2638,4688,1,4688,25,168,26.399999618530273,110331,100,25,100
NAB,,,135.8699951171875,200,175,786,,,0,138.49000549316406,20,147,1000,14335,130,24335,150,62,150,62,,,0,153.80999755859375,880,221,12440,1380,150,23080,140,200,120,1170,180,70,180,126.02999877929688,,,0,200,90,2890
NCS,,,49.150001525878906,1400,49.400001525878906,687267,49500,40.099998474121094,228989,50.31999969482422,19800,55.70000076293945,105218,84335,44,106928,72,992,90,1992,1520,72,1520,54.22999954223633,5555,56.79999923706055,383715,3717,42,116717,50,5,50,5,,,0,37,5000,37,286691,5000,32,33555
NE,150,,292.2900085449219,8696,300,15416,300,249,1497,436.32000732421875,95,425,2287,500,250,1400,300,500,300,500,,,0,350,1928,350,6271,50,256,4449,300,,,0,150,300,150,267.9700012207031,5381,260,49892,20,221,17417
NF,,,10900,5,10900,25,10,7500,25,7500,1,10000,14,,,0,5092.5,,,0,,,0,8000,11,8000,418,,,0,5092.5,,,0,,,0,7500,,,0,,,0
NFI,,,17.5,13558,17.5,475963,19800,15.600000381469727,330800,15.930000305175781,110000,17.799999237060547,410245,75850,15,412350,15,1000,20,1000,,,0,15.800000190734863,52000,15.800000190734863,1529994,10000,15.199999809265137,606400,18,8800,18,18800,,,0,16.290000915527344,36000,15.899999618530273,448667,1597,15,155915
NG,,,1246.760009765625,24,1500,24,,,0,1200,27,1200,27,100,1000,100,950,100,1300,100,,,0,920.219970703125,30,1000,2835,347,850,372,780.8099975585938,50,930,60,,,0,1230,110,1230,418,200,800,200
NL,,,6130,167,7400,3201,1,6130,3382,6249.990234375,166,6300,2539,827,5900,1652,5000,20,6300,20,,,0,6630,49,6630,5476,30,6020,1562,5000,100,10000,100,,,0,6214.60986328125,32,5500,1571,67,5150,808
NN,,,61702.4296875,16,64000,66,100,62000,544,59000,3,63000,3,42,59000,137,30000,,,0,,,0,62850.921875,4,64000,49,153,61000,341,29292.80078125,,,0,,,0,58100,9,66000,9,14,58100,214
NOZ,,,11000,,,0,47,11000,97,68000,,,0,30,10000,30,43539.53125,,,0,,,0,40000,,,0,30,11100,40,43539.53125,,,0,,,0,43539.53125,,,0,,,0
NR,,,527.2000122070312,800,559,76174,1013,477,66272,480,1000,499,66698,3798,457,6798,350,500,600,500,,,0,455.489990234375,5466,492,206778,4475,411,41969,400,,,0,,,0,446.75,200,489,38698,100,403,25101
NS,,,940,14983,940,16718,300,512,37463,588.8499755859375,2740,599,8585,1820,428,20100,500,,,0,,,0,645,89,645,7343,77,483,35557,382.0400085449219,,,0,,,0,529,152,529,11566,400,457,24154
NST,,,1780,1367,1790,1903,20,1200,1977,1690,63,1690,268,1000,1250,1000,1200,50,2000,66,,,0,1692.1099853515625,105,1790,1981,1,1310,756,1570,202,2500,202,50,1000,50,1667.97998046875,998,1650,1624,10,1300,10185
NUT,88,,416.80999755859375,237,430,5656,286,380,23924,412.7300109863281,,,0,818,311,16589,300,,,0,,,0,384.32000732421875,3823,410,4833,653,380,20717,367,,,0,951,275,951,280,500,319,32126,103,280,18575
NV1,135000,,170901.84375,4,175000,15,10,136000,130,160000,1,170000,12,1,136000,101,93389.109375,,,0,,,0,164596.515625,2,165000,30,10,136000,110,93389.109375,,,0,,,0,135000,1,250000,7,100,135000,100
NV2,200000,,225310.484375,5,250000,9,100,200000,100,200000,1,350000,1,100,200000,100,129928.8828125,,,0,,,0,200272.734375,2,280000,14,100,200000,100,129928.8828125,,,0,,,0,200000,9,375000,9,100,200000,100
O,32,,98.0999984741211,491,115,281785,342,98.0999984741211,107813,111,500,118,98833,492,111,63069,140,896,140,6278,950,120,9362,154,6332,154,131300,64,146,132682,140.86000061035156,1599,150,5099,1497,75,6497,113,66,113,215414,167,108,39108
OFF,,,114.55000305175781,12900,117,76565,9650,100,34950,157.97999572753906,2365,250,5865,500,90,6908,155,450,155,470,,,0,129.82000732421875,41,130,88210,10742,111,43352,110.77999877929688,1980,125,1980,1000,50,1000,110.20999908447266,13092,110,54594,8494,100,47129
OLF,,,2500,176,2500,176,104,2000,3702,2458.860107421875,133,2500,283,,,0,949.47998046875,,,0,,,0,2000,,,0,400,1900,1064,949.47998046875,,,0,,,0,1500,,,0,60,1300,592
OS,,,51610,70,52000,81,17,49100,84,50100,20,60000,30,25,47000,55,45000,,,0,,,0,59864.80078125,3,55000,81,5,50100,190,30207.76953125,,,0,,,0,49000,,,0,,,0
OVE,40,153,140,4290,140,36175,100,130,49318,128,1672,128,69876,50,119,85363,125,2862,125,7862,5000,104,5850,141,71396,141,143823,11,128,50391,130,485,129,10005,1000,100,12000,140,3290,140,76733,20,118,28868
PBU,,,19983.7109375,100,20000,340,99,18000,113,22019.990234375,22,23000,40,1,20000,97,8070.330078125,,,0,,,0,22917.619140625,18,22900,222,24,21000,42,8070.330078125,,,0,5,10000,5,23433.830078125,39,24000,63,14,22000,132
PCB,,,2425.530029296875,40,2440,10577,6050,2300,10579,2200,200,2500,16876,273,2200,2460,2300,,,0,,,0,2360,125,2370,5758,97,2360,4268,801.7100219726562,30,3390,30,,,0,2780,422,2780,1333,31,1800,31
PDA,,,2700,80,2700,3822,156,2460,413,2750,76,2750,887,100,2600,200,2990,145,2990,201,50,2200,50,2404.659912109375,170,2500,2393,70,2250,689,6000,50,2400,359,,,0,2690,104,2690,2220,1,2400,713
PE,,,15.5,59121,15.5,1737211,5000,13,2178102,13.899999618530273,47,13.899999618530273,533866,2000,12.600000381469727,2411440,11.649999618530273,10000,24.899999618530273,261000,,,0,16.959999084472656,377362,17,1152362,900,14.699999809265137,3385138,14.369999885559082,3750,19,19636,10000,10,10000,13.5,14430,13.5,619696,3054,12.699999809265137,1082637
PFE,,,855.27001953125,920,850,1372,734,800,3861,800,2058,800,2431,,,0,825,290,825,290,,,0,940,80,880,3533,1000,800,2099,1150,250,1150,250,119,500,119,847.5800170898438,60,819,1007,100,800,220
PFG,,,4500000,1,5000000,1,1,3600000,5,1968333.25,,,0,,,0,1968333.25,,,0,,,0,3800000,1,5000000,1,,,0,1968333.25,,,0,,,0,1968333.25,,,0,,,0
PG,,,56.5,9650,57.79999923706055,687682,17323,56.5,563891,59.900001525878906,11749,59.900001525878906,212819,25000,52,500236,43.41999816894531,9000,50,23082,,,0,62,38840,62,400340,3700,54.20000076293945,847492,45.33000183105469,3393,47,3433,2000,44,2000,56,34617,56,294499,25000,52,300431
PIB,,,1150.0400390625,6,1200,6,100,500,633,1443.3599853515625,72,1600,72,460,206,1651,1,100,1500,100,,,0,3000,69,2990,111,100,150,100,548.4000244140625,,,0,,,0,1085,9051,1100,9127,10,200,10
PK,,,500,62,500,1438,1110,450,1110,999,243,999,1553,,,0,832.27001953125,,,0,,,0,950,296,950,729,999,450,999,832.27001953125,,,0,,,0,984.3800048828125,352,1050,490,,,0
POW,6000,,10895.580078125,38,11500,921,697,11000,1297,11906.8203125,4,11700,1522,100,6000,100,9500,40,20000,40,,,0,11371.2099609375,100,11900,1229,10,11100,1682,13000,,,0,,,0,11378.58984375,48,11400,520,50,8000,172
PPA,,,323.5899963378906,1132,338,6284,4565,300,4565,224.72999572753906,55,335,3073,111,160,1869,300,,,0,,,0,285.07000732421875,1498,290,7717,1551,250,1964,220,,,0,990,220,990,320.2900085449219,20,300,20,2173,275,2203
PSH,,,11800,83,11700,1197,,,0,17326.529296875,49,16000,143,,,0,3810.2099609375,,,0,,,0,12600,50,14000,4378,100,10000,500,3810.2099609375,32,13000,32,,,0,13800,2,13900,1002,10,9000,10
PSL,,,5150,96,5150,1297,12,4810,1091,5200,1,5200,848,36,4600,3494,5000,228,5000,228,,,0,4850,731,4850,5279,12,4350,1965,5990,76,5000,100,24,3000,24,4420,16,4880,1102,655,4420,1209
PSM,,,2803.3798828125,1143,2900,1704,15,2700,3304,2630.889892578125,7,2790,645,400,2600,5008,2500,,,0,,,0,2877.989990234375,3,2800,5693,62,2600,1961,1299.199951171875,35,3000,35,,,0,2537.5,40,2880,278,458,2190,4672
PSS,,,1390,723,1390,5620,748,1300,7296,1269.989990234375,325,1320,6320,777,1250,777,450,,,0,,,0,1417.239990234375,557,1500,3533,443,1250,2743,649.5999755859375,100,1600,100,,,0,1292.3800048828125,271,1300,1326,368,1000,917
PT,,,1060,41,1050,14981,116,916,11752,859.8200073242188,51,875,6426,20,814,19492,500,90,700,90,,,0,895,194,894,13966,30,792,21841,700,,,0,100,550,100,900,90,900,28264,100,855,18527
PWO,,,380,1132,380,19935,20,354,22201,373,1485,373,21851,50,371,13743,400,658,400,1431,3000,280,3015,433,402,433,16932,122,420,11514,342.5299987792969,500,340,4516,495,200,495,400,282,400,13278,20,365,3621
QCR,,,1220000,1,1220000,9,1,1000000,7,900000,1,1100000,4,,,0,850000,,,0,,,0,1190000,1,1190000,5,1,750000,1,363299.75,,,0,,,0,1147387.75,1,1250000,1,1,1000000,2
RAD,,,16654.4609375,,,0,100,16000,221,19420.759765625,5,19900,55,13,14100,44,3698.6201171875,,,0,,,0,19132.5,4,25000,14,100,16000,311,3698.6201171875,10,14500,10,,,0,17305.2109375,,,0,,,0
RAG,,,700000,1,700000,2,,,0,600000,1,800000,1,,,0,258128.515625,,,0,,,0,520000,3,560000,10,2,500000,2,258128.515625,,,0,,,0,580000,,,0,,,0
RAM,,,3190,68,3190,2501,61,2700,932,2702.469970703125,12,2700,164,50,2050,102,1237.0899658203125,,,0,,,0,2460,119,2600,2004,8,2460,1508,1600,10,3000,10,,,0,2880,706,2880,1369,,,0
RAT,32,176,174,8590,174,44503,7930,172,279439,174,5634,174,22977,30,167,369424,176.1300048828125,8141,180,14141,9380,145,9481,175,112100,175,124580,1000,171,753870,139.6999969482422,377,170,56705,2500,100,5064,161,82012,161,456383,24856,157,983061
RBH,,,24800,95,24800,443,24,19500,2016,24554.740234375,300,24600,743,6,21000,562,19500,6,19500,16,,,0,24500,103,24500,526,26,21100,1979,25000,4,25000,4,10,10000,10,24200,2,24200,388,27,17200,442
RCO,400,,3370,23,3360,4885,227,2280,8587,2491.330078125,200,4000,200,250,2110,5337,1700,,,0,,,0,2692.419921875,237,3990,2360,434,2300,3459,1800,,,0,298,1200,1207,1920,10,3000,974,7,1920,8497
RCS,,,200000,1,245000,3,5,180000,12,180000,,,0,1,140000,1,93545.6015625,,,0,,,0,180000,,,0,1,180000,1,93545.6015625,,,0,,,0,210000,,,0,,,0
RCT,,,1200000,1,1500000,1,1,950000,1,1200000,1,1300000,1,1,500000,3,1000000,,,0,,,0,1196228.875,1,1200000,1,,,0,354702.8125,,,0,,,0,1100000,1,1200000,1,,,0
RDE,,,36100,130,36100,942,6,28600,580,33000,20,33000,252,6,31100,461,27000,14,32500,14,,,0,35300,243,35300,493,40,28100,752,35000,,,0,10,15000,10,37500,8,37500,247,10,27100,180
RDL,,,1100000,1,1100000,10,1,1000000,6,1070000,3,1000000,17,,,0,376820.125,,,0,,,0,1200000,1,1480000,2,,,0,376820.125,,,0,,,0,1500000,1,1500000,1,,,0
RDS,,,800000,1,800000,1,,,0,775000,1,800000,1,,,0,207009.0625,,,0,,,0,800000,1,800000,1,,,0,207009.0625,,,0,,,0,800000,,,0,,,0
RE,,,4397.68994140625,90,3950,6987,1,3500,11,4300,107,5000,3180,146,4300,196,632.5999755859375,,,0,12,3000,12,3590.030029296875,50,4000,4265,,,0,632.5999755859375,,,0,12,5000,12,5000,32,5000,32,,,0
REA,,,805,500,1450,2500,312,800,8314,1320.4100341796875,185,1470,5795,134,821,1205,500,17,3000,17,,,0,760,50,1000,11623,105,760,3895,900,400,900,1600,,,0,1410.81005859375,580,1470,1546,50,860,2311
RED,60000,,60000,10,70000,10,100,60000,100,60000,5,70000,65,100,60000,100,22411.30078125,,,0,,,0,60141.609375,7,61000,37,100,60000,100,22411.30078125,,,0,,,0,60000,,,0,100,60000,100
REO,,,3000,153,3000,153,120,180,120,2200,130,2200,327,666,2100,766,164.57000732421875,,,0,24,1000,24,2435.969970703125,,,0,160,2000,1114,164.57000732421875,,,0,48,2000,48,2000,,,0,,,0
REP,,,734,739,734,18472,10,715,10996,750,4891,750,6850,20,703,9369,700,220,700,420,,,0,742,148,742,20632,44,713,12306,1000,772,1000,772,200,690,243,745,3412,745,13643,33,720,4575
RG,,,2053.9599609375,342,2090,5715,240,1550,8750,1682.489990234375,53,1980,2552,10,1510,11717,2000,100,2000,330,,,0,1643.6300048828125,20,1630,3646,3019,1520,7059,1300,209,1400,399,999,1300,999,1467.219970703125,1596,1500,7314,367,960,367
RGO,,,1950.4000244140625,20,2340,714,10,1950,607,1900,28,1900,659,6,1210,460,794.6500244140625,,,0,,,0,1965.06005859375,6,1950,4240,291,1530,1390,794.6500244140625,10,2100,10,,,0,1800,2,1780,319,77,1000,77
RHP,,,6690,1000,5600,1100,50,5200,125,6790,81,6790,415,,,0,2691.989990234375,,,0,,,0,5601.8701171875,80,5600,538,,,0,2691.989990234375,,,0,,,0,6700,20,6690,247,50,5700,50
ROM,,,4643.27001953125,867,4650,4433,100,4130,3873,4706.259765625,326,4740,1666,60,4500,1481,1901.5400390625,,,0,,,0,4350,199,4400,1320,302,4200,2279,1901.5400390625,10,4500,40,,,0,5333.330078125,24,5350,917,200,3560,548
RSE,,,32700,54,32700,716,6,29100,1447,33449.640625,22,33500,668,2,30000,858,25000,10,33000,10,,,0,39000,20,39000,190,50,30000,1898,35000,14,35000,14,10,15000,10,39900,38,39900,71,30,27800,1100
RSH,,,34900,4,34900,603,40,22000,50,28000,,,0,30,22800,70,17252.720703125,,,0,,,0,28000,20,40000,20,30,22200,100,28000,,,0,,,0,30000,,,0,30,22000,30
RSI,,,1450,1,1450,1043,6,1200,26,1500,525,1500,541,,,0,681.4400024414062,,,0,,,0,1037.3499755859375,1268,1100,3120,19,750,1019,681.4400024414062,20,1150,20,,,0,1000,972,1000,1068,,,0
RTA,,,27800,4,27900,595,2,16100,1376,26800,1,26900,181,192,17200,279,17300,,,0,,,0,19318.609375,50,21800,488,28,15000,611,20000,12,20000,12,10,8000,20,24900,74,24900,151,100,13200,530
S,,,235.36000061035156,914,240,3966,500,145,3441,189.10000610351562,1900,237,4666,200,70,200,250,120,250,320,,,0,181.25999450683594,217,188,29110,45,121,12045,145,100,190,100,,,0,222,52,222,1040,9,175,196
SA,,,8012.47021484375,13,8400,198,22,7600,53,8000,2,8500,33,25,8000,26,3395,,,0,,,0,8495,17,8500,276,9,8000,29,3395,,,0,,,0,7500,22,7500,145,10,7000,10
SAL,,,7100,50,7500,510,194,7100,282,8500,2,8000,374,20,7000,40,3395,,,0,,,0,7790,2,7790,689,50,7500,201,3395,,,0,,,0,7500,27,7500,187,30,7000,60
SAR,,,31967.98046875,78,32600,1122,18,30100,579,38800,14,38800,630,115,31000,300,9548.7099609375,,,0,,,0,9548.7099609375,9,30900,532,97,29100,362,9548.7099609375,10,34000,10,,,0,31904.099609375,48,31000,567,100,25800,260
SBU,,,35768.7890625,9,35000,154,15,33000,15,36000,5,37000,105,20,33000,56,14796.6103515625,,,0,,,0,34503.4609375,15,34900,227,8,32000,104,14796.6103515625,,,0,5,20000,5,35000,54,35000,158,,,0
SC,,,1150,100,1100,3166,28,915,5117,940,486,940,2016,7,820,707,1490,96,1490,96,100,800,100,970,413,970,5491,196,705,5773,800,192,800,436,100,400,100,1060,54,1060,4796,10,900,699
SCB,,,125000,9,125000,11,,,0,80000,1,100000,3,,,0,54548.37890625,,,0,,,0,89000,1,85000,4,1,50000,1,54548.37890625,,,0,,,0,100000,1,125000,1,,,0
SCN,,,2190,530,2190,6276,360,2110,1186,2670,17,2670,1870,100,2230,306,2500,203,2500,2716,,,0,2310,75,2300,8428,1000,2040,2782,2500,11,2500,271,50,1500,50,2380,326,2380,2487,46,2020,1472
SCR,82,,91.30000305175781,871,200,6842,4140,92.9000015258789,8117,83,29,170,4554,305,83,405,100,183,100,595,,,0,143.6999969482422,100,152,7659,2548,140,7648,150,15,144,15,,,0,158.8699951171875,368,249,623,200,100,300
SDM,,,3400000,1,3890000,5,1,1900000,1,1106540.75,,,0,,,0,1106540.75,,,0,,,0,2500000,,,0,,,0,1106540.75,,,0,,,0,1106540.75,,,0,,,0
SDR,100000,,100000,80,110000,80,100,100000,100,100000,103,115000,103,100,100000,100,37056.73046875,,,0,,,0,100000,10,110000,10,100,100000,100,37056.73046875,,,0,,,0,100000,,,0,100,100000,100
SEA,,,150,5956,150,82180,7947,140,146898,150,435,150,35745,289,136,137939,150,13,150,15513,,,0,147.0399932861328,142,148,73540,2080,138,133467,145,125,145,5759,,,0,150,22413,150,36040,841,138,113165
SEN,,,903.5700073242188,1130,923,17120,2482,900,14646,842.0599975585938,300,900,14593,2880,770,11380,1300,,,0,50,610,100,928.9000244140625,387,975,16317,7887,900,13471,830,50,775,50,,,0,913.4099731445312,135,949,8009,5000,730,7716
SEQ,,,19000,28,22900,101,40,19000,240,16300,,,0,50,16300,50,8084.2998046875,,,0,,,0,20409.599609375,5,20900,42,10,19000,110,8084.2998046875,,,0,,,0,25000,49,25000,49,10,16000,10
SF,6,18,18,100,18,541759,7500,17.700000762939453,882208,15.600000381469727,332,15.800000190734863,1150538,19040,15.600000381469727,1676290,16.889999389648438,10378,17,45711,47500,16,47500,17.899999618530273,20607,17.899999618530273,72993,3000,17,888351,24.649999618530273,,,0,1067,18,82553,18,100,18,88446,5807,17.5,195190
SFE,,,60000,14,60000,16,1,51000,10,62372.25,12,64700,22,1,55500,3,25126.7890625,,,0,,,0,56800,11,56800,127,1,53000,12,25126.7890625,,,0,,,0,58969.03125,21,60000,21,2,2,2
SFK,,,81,1359,81,146606,1000,71.0999984741211,131054,66,5890,83.30000305175781,98901,5445,66,120691,75,1500,100,3000,,,0,60,921,64,342069,22901,60,186767,70,1895,70,2095,,,0,96,170,96,95808,2197,66.0999984741211,105080
SFL,,,99900,1,99000,3,,,0,119000,1,119000,40,,,0,30779.7109375,,,0,,,0,93900,1,93900,7,,,0,30779.7109375,,,0,,,0,120000,1,118000,18,,,0
SI,,,2300,271,2600,11516,136,2300,10340,3200,149,3200,1419,60,2510,4043,2100,130,2000,130,,,0,2337.050048828125,540,2320,23382,483,2180,7230,1449.9599609375,111,3000,111,39,1000,39,2587.360107421875,434,2700,3050,80,2150,4392
SIL,,,2790,12,2790,1213,471,816,471,1766.18994140625,5,2450,635,,,0,2262.06005859375,4,10000,4,,,0,2094.530029296875,6,2600,4070,144,2000,394,2262.06005859375,10,3500,14,,,0,2190,4,2150,657,,,0
SIO,38,,165,3015,182,126174,434,165,64728,176,147,176,19305,269,157,17504,181,,,0,1052,181,1515,170,687,170,47016,100,165,30887,198,371,198,3348,,,0,148,149,148,10460,781,147,18670
SNM,,,115000,30,119000,105,3,112000,21,143173.078125,4,250000,4,10,110000,21,76472.2734375,,,0,,,0,110000,4,120000,108,6,110000,48,76472.2734375,,,0,,,0,145000,1,130000,1,14,110000,14
SOI,,,960.7000122070312,146,998,953,222,750,8428,944.6500244140625,205,994,3705,31,602,2925,450,,,0,,,0,899.6500244140625,4,900,14543,953,500,5909,550,500,745,548,,,0,789.1699829101562,109,779,509,200,450,8506
SOL,,,1187.9100341796875,2000,1200,10766,1000,965,8500,1126.3199462890625,204,1150,3921,844,1050,2069,445.8999938964844,,,0,,,0,1250,551,1300,7301,500,1030,2132,1200,3,1200,3,,,0,1305.1600341796875,5,1470,52,18,920,1708
SP,2500,,2678.9599609375,316,2980,8464,7264,2600,7552,3094.85009765625,9,3090,36,4568,2510,4668,2900,2,2900,180,,,0,2694.330078125,569,2900,7986,212,2550,322,2560,,,0,,,0,2930,493,2930,517,800,2550,1100
SPT,,,600,99,1000,99,79,400,79,591,438,600,438,,,0,189,,,0,,,0,600,400,500,4793,,,0,189,,,0,,,0,777,631,777,26656,,,0
SRD,70000,,72000,18,80000,58,12,72000,117,70000,2,99000,82,100,70000,100,29220.75,,,0,,,0,70000,60,80000,120,100,70000,100,29220.75,,,0,,,0,70000,,,0,100,70000,100
SRP,,,17000,122,16500,1122,100,4000,200,18700,43,18700,733,,,0,6950.52978515625,,,0,,,0,15000,56,18500,671,130,15000,230,6950.52978515625,,,0,,,0,18900,37,18900,237,,,0
SSC,,,580,733,580,11449,25,411,3445,633.760009765625,54,620,8359,699,610,2438,500,100,600,100,,,0,614,4356,614,22689,3,550,10105,700,80,700,80,,,0,629,418,629,712,65,550,1599
SSL,,,64400,1,64300,4,,,0,69600,1,69600,5,,,0,18158.619140625,,,0,,,0,46000,3,46000,48,,,0,18158.619140625,,,0,,,0,65000,1,65000,1,,,0
SST,,,10000000,,,0,,,0,3795380.5,,,0,,,0,3795380.5,,,0,,,0,10000000,,,0,,,0,3795380.5,,,0,,,0,3795380.5,,,0,,,0
STL,,,2806.530029296875,161,2820,3718,20,2310,4940,2790,159,2790,2205,30,2110,6105,2300,,,0,462,2300,462,2230,38,2400,12764,50,2100,7814,2400,20,2400,83,100,1000,100,2010,755,2730,3524,159,2000,1181
STR,1750,,2896.820068359375,990,2700,1327,214,1790,540,2506.219970703125,970,2700,1063,49,1800,249,2350,1,2350,1,,,0,2758.010009765625,51,2600,1748,200,1800,424,1950,12,2600,12,,,0,2900,40,2690,1305,100,1750,300
STS,,,169348.09375,1,169000,17,,,0,179000,1,200000,1,,,0,95518.15625,,,0,,,0,159000,20,160000,29,,,0,95518.15625,,,0,,,0,199000,1,199000,4,1,1,1
SU,,,120000,10,115000,31,4,96000,4,200000,,,0,,,0,110719.96875,,,0,,,0,300000,,,0,,,0,110719.96875,,,0,,,0,110719.96875,,,0,,,0
SUD,100000,,101000,9,110000,12,100,100000,100,100000,3,124000,66,100,100000,100,37702.078125,,,0,,,0,100000,60,120000,60,100,100000,100,37702.078125,,,0,,,0,100000,,,0,100,100000,100
SUN,,,463.739990234375,20,520,10700,,,0,530.4500122070312,210,623,3237,100,300,774,475,200,1000,200,,,0,652.6199951171875,340,700,955,20,650,4554,500,200,550,360,100,300,100,486.25,1104,500,2501,100,175,1120
SWF,,,239,778,239,111690,111,202,120154,270,777,270,36823,2000,206,106324,80.22000122070312,,,0,,,0,270.239990234375,1189,271,38343,3500,262,120933,110,100,240,100,,,0,233,7,233,25241,1333,206,112982
TA,,,18810.369140625,2,19900,1170,28,16000,58,17000,41,19900,125,14,17000,507,6462.43017578125,,,0,50,8000,50,19000,1228,19000,1261,10,17500,1547,10400,,,0,,,0,19900,100,20000,140,30,15000,60
TAC,,,150000,1,350000,78,,,0,500000,1,475000,2,,,0,91458.328125,1,350000,1,,,0,550000,2,470000,11,,,0,91458.328125,,,0,,,0,91458.328125,,,0,2,50000,2
TAI,,,1000,486,3990,2221,2000,703,3899,3000,47,2900,7752,50,1000,1750,121.01000213623047,,,0,,,0,4000,56,4000,8698,500,1000,3620,1000,,,0,,,0,1250,600,1950,2119,,,0
TBU,,,78000,54,78000,135,15,59000,55,78000,66,78000,87,30,53000,63,22694.48046875,,,0,,,0,77700,2,77700,130,15,59000,58,22694.48046875,,,0,,,0,78000,138,78000,148,15,59000,29
TC,,,10000,173,19900,526,50,10000,276,10000,5,25000,5,100,7000,303,3830.89990234375,,,0,,,0,22900,50,20000,250,100,7000,150,7500,10,18000,10,,,0,15000,2,20000,54,3,9000,188
TCB,,,30000,1,29900,3,,,0,30000,2,29000,3,,,0,9647.73046875,,,0,,,0,29500,1,19000,13,,,0,9647.73046875,,,0,,,0,29700,1,29900,3,,,0
TCL,,,3416.25,72,3440,4221,12,3100,4970,3269.85009765625,64,3500,9912,1016,3050,2530,3500,96,3500,429,,,0,3149.300048828125,348,3300,5115,53,3000,2526,3000,54,3300,74,20,2000,20,3156.6201171875,306,3280,5773,55,3020,1633
TCO,,,654.989990234375,50,718,2776,500,360,500,675.469970703125,37,650,232,50,300,59,500,1124,404,14053,,,0,611.27001953125,350,750,2971,158,500,658,130,93,650,535,,,0,383.7799987792969,175,398,3231,500,150,500
TCS,,,12730.9296875,200,12000,1100,100,7500,439,14205.0302734375,90,20000,232,10,10000,247,7000,,,0,,,0,9767.48046875,2761,10000,2761,4,8000,1221,4400,,,0,,,0,9491.2998046875,379,10000,379,100,6000,150
TCU,,,148905.71875,14,150000,24,4,92800,8,120000,1,194000,1,,,0,69644.7890625,,,0,,,0,170000,,,0,5,95000,8,69644.7890625,,,0,,,0,175000,2,175000,3,5,95000,5
THF,,,467.4800109863281,507,479,15704,965,415,10074,495,5141,495,17855,20,470,3383,450,400,475,400,,,0,461.7300109863281,1409,475,45372,20,411,6232,442,10,440,1313,,,0,395.32000732421875,2201,399,8115,200,352,920
THP,,,4500,52,5890,1263,,,0,6980,4,6970,211,,,0,2398.5,,,0,,,0,6000,7,6000,23,99,5000,108,2398.5,,,0,,,0,6500,30,7000,199,,,0
TI,,,2728.219970703125,111,2790,17239,20,2340,22961,2200,46,2690,7596,338,2200,6005,3000,,,0,,,0,2299.39990234375,212,2340,21417,50,2100,10492,2500,20,2490,96,,,0,2160,1293,2550,3120,2000,1830,4321
TIO,74,,255,800,279,140204,901,255,12686,264.6600036621094,4655,290,22398,797,230,5370,330,,,0,,,0,239.25999450683594,55,239,32824,200,158,9796,220,,,0,,,0,289.19000244140625,2313,297,4643,970,240,5068
TK,,,31000,100,60000,100,10,35000,20,30000,2,49000,48,,,0,20209.48046875,,,0,,,0,29903.900390625,15,31000,280,,,0,20209.48046875,5,41100,5,,,0,39500,10,39800,10,,,0
TOR,,,900000,8,900000,9,,,0,280337.15625,,,0,,,0,280337.15625,,,0,,,0,1100000,1,1400000,1,,,0,280337.15625,,,0,,,0,280337.15625,,,0,,,0
TPU,,,2558.2099609375,126,3240,1212,905,2000,1035,3990,12,3890,327,5,2500,5,1173.27001953125,,,0,,,0,2892.409912109375,121,3000,2311,1,2700,201,1000,5,4000,5,,,0,3500,1041,3500,1450,,,0
TRA,,,2521.5,50,2700,608,100,2400,1373,2480,10,2500,70,144,1900,272,838.6799926757812,,,0,,,0,2456.2900390625,281,2490,781,2,2100,486,838.6799926757812,10,2000,10,,,0,3000,129,3000,272,,,0
TRN,,,609.1900024414062,3179,610,40076,2886,575,126502,571.3599853515625,4450,600,17235,50,581,113408,600,,,0,,,0,677.6400146484375,64,688,30080,40,600,127051,50,200,515,200,,,0,649,670,600,13169,100,462,105146
TRS,,,300000,2,300000,2,1,220000,45,200000,,,0,,,0,100147.40625,,,0,,,0,276764.375,398,400000,398,7,220000,12,100147.40625,,,0,,,0,195000,,,0,10,200000,10
TRU,,,498,418,498,34550,76,481,31898,475,499,475,8838,8,473,1055,600,602,600,602,,,0,520,1227,520,25321,2088,450,6118,600,181,600,400,,,0,100,148,567,4830,,,0
TS,,,244,700,240,10405,978,103,1084,86.05999755859375,599,119,4578,1000,56,1917,74.80999755859375,,,0,,,0,163.25999450683594,81,160,2584,120,102,7547,74.80999755859375,10,399,10,,,0,141.60000610351562,24,200,2528,500,71,1264
TSH,,,33560.94921875,264,33000,659,1,30000,456,32509.01953125,37,34000,379,176,28500,186,29000,49,29000,69,,,0,29900,51,29900,815,200,26300,439,30000,9,30000,17,,,0,30000,92,30000,319,6,26500,20
TUB,,,157.5500030517578,1500,145,25108,298,142,10298,145,1199,145,21592,,,0,270,11,270,746,,,0,151.24000549316406,87,143,37626,9422,142,24422,190,300,185,1284,,,0,154.47000122070312,800,145,70032,1321,142,21789
UTS,3500,,6584.18017578125,27,6790,1880,7,6450,2609,6764.1298828125,5,6960,311,15,5150,137,5200,80,5200,266,,,0,4970.47998046875,18,5150,2070,51,4910,2378,4640,,,0,,,0,7700,19,7700,818,50,5260,362
VCB,,,789000,1,799000,3,,,0,850000,1,887000,2,,,0,327138.125,,,0,,,0,879000,2,840000,4,,,0,327138.125,,,0,,,0,835000,1,833000,4,,,0
VEG,88,,469.7799987792969,504,490,10391,344,340,38623,452.760009765625,9,498,1094,390,400,15659,180,,,0,,,0,389,1459,389,3725,17,350,13831,300,2630,375,2630,672,300,672,292,601,330,12513,154,292,38494
VF,,,21.81999969482422,20000,20,2279509,5000,13.100000381469727,25500,20,2007,23,147686,133000,20,139000,16.1299991607666,,,0,,,0,18,37356,22,312417,10000,12.100000381469727,40000,16.1299991607666,,,0,,,0,18,100000,80,200000,10000,16,10000
VFT,,,2600000,1,2600000,1,,,0,865925.3125,1,2600000,1,,,0,865925.3125,,,0,,,0,2400000,,,0,1,2500000,1,865925.3125,,,0,,,0,865925.3125,,,0,,,0
VG,,,1815.1400146484375,600,2000,5576,274,1800,2034,1970,73,1970,7388,200,1760,500,3200,100,2200,160,,,0,2220,492,2220,4386,174,1920,1774,2400,17,2400,217,,,0,2250,161,2250,9942,40,1910,1644
VIT,,,897.6900024414062,323,898,323,1000,560,1199,785,30915,785,31115,500,400,500,324.4700012207031,,,0,,,0,804.3099975585938,147,994,530,9,610,24,324.4700012207031,20,740,20,,,0,887.97998046875,383,888,383,500,601,1000
VOE,,,5400000,1,5800000,1,,,0,2913586.75,,,0,,,0,2913586.75,,,0,,,0,5000000,,,0,,,0,2913586.75,,,0,,,0,2913586.75,,,0,,,0
VOR,,,2518066.5,,,0,,,0,2518066.5,,,0,,,0,2518066.5,,,0,,,0,2518066.5,,,0,,,0,2518066.5,,,0,,,0,2518066.5,,,0,,,0
VSC,,,45000,1,50000,1,,,0,50000,1,50000,1,,,0,16535.4296875,,,0,,,0,50000,1,48000,2,,,0,16535.4296875,,,0,,,0,50000,1,50000,1,,,0
W,,,19741.279296875,66,20000,1627,5,13100,11169,17939.7109375,88,20000,89,326,15000,763,6243.66015625,,,0,,,0,18291.859375,313,18500,1258,10,17500,1408,8900,,,0,10,8000,10,17400,,,0,4,15000,164
WAI,,,100000,90,100000,299,43,92000,429,110221.5625,10,115000,24,50,105000,130,100000,47,100000,258,,,0,95135.03125,99,100000,300,1,92000,214,51820.4609375,,,0,,,0,97237.296875,5,100000,17,10,92000,206
WAL,,,8000,1997,8000,4012,1000,5110,1100,5600,32,7000,340,860,5600,910,2796.830078125,,,0,,,0,7200,1,7200,4557,100,5190,300,2796.830078125,,,0,,,0,5000,434,9500,472,100,4000,100
WCB,,,740000,1,740000,9,1,600000,9,889000,1,869000,6,,,0,328698.125,,,0,,,0,798000,2,895000,4,1,750000,2,328698.125,,,0,,,0,899532.125,1,900000,4,1,200000,1
WIN,,,10500,94,10500,455,2,6400,2599,8130,247,8130,2333,470,6160,1231,10000,60,9000,73,,,0,7500,465,7500,7992,180,6500,1504,12000,2,6480,22,,,0,7858.1201171875,83,7420,5700,300,7000,2585
WM,,,11000,4,11900,644,27,11000,83,10100,4,11000,12,19,10100,35,6790,,,0,,,0,11900,2,11900,430,10,10000,10,6790,,,0,,,0,11000,,,0,1,11000,2
WOR,,,200000,3,200000,3,,,0,100000,,,0,,,0,83883.15625,,,0,,,0,200000,1,200000,1,,,0,83883.15625,,,0,,,0,150000,10,150000,10,,,0
WR,140000,,140000,1,160000,6,5,150000,115,140000,2,160000,2,100,140000,100,78076.21875,,,0,,,0,140000,1,150000,1,100,140000,100,78076.21875,,,0,,,0,140000,1,150000,1,100,140000,100
WRH,,,10994.1298828125,32,12000,575,28,10000,38,11900,18,11900,307,10,9000,20,3389.909912109375,,,0,,,0,9000,1001,9000,1317,20,8500,820,3389.909912109375,,,0,,,0,12291.490234375,101,15000,101,15,9510,35
WS,,,4750,301,4750,1555,79,4590,10179,4300,208,4300,684,500,3310,10954,6000,60,5200,64,,,0,4047.510009765625,91,4200,2545,100,3800,832,2593.969970703125,20,5000,166,,,0,5195.5,19,5200,1482,15,3560,181
ZIR,,,525,1760,800,34789,250,550,6022,700,2166,700,4956,50,400,50,117.55000305175781,,,0,,,0,860,175,860,6940,160,500,4448,648,,,0,,,0,887,412,1190,462,,,0
ZR,,,15439.5400390625,10,23900,10,90,10000,118,20000,4,15000,4,500,10500,666,5977.02001953125,,,0,,,0,15500,100,36000,100,35,15500,338,15200,10,35000,10,,,0,18000,,,0,20,14000,30
